Year,Deal date,Title,Author,Publisher (best-effort),Category,Content term(s),Deal ID,Deal URL
2000,15-Dec-00,THRESHOLD,Frances Sherwood,Norton,Fiction,Jewish,1415,https://www.publishersmarketplace.com/deals/ss.cgi?d=1415
2001,22-May-01,IN THE IMAGE,Dara Horn,Norton,Fiction,Jewish,356,https://www.publishersmarketplace.com/deals/ss.cgi?d=356
2001,25-Jun-01,THE ASCENT OF ELI ISRAEL AND OTHER STORIES OF JERUSALEM,Jon Papernick,Arcade,Fiction,Israel,258,https://www.publishersmarketplace.com/deals/ss.cgi?d=258
2001,1-Oct-01,YOUR MOUTH IS LOVELY,Nancy Richler,Ecco,Fiction,Jewish,863,https://www.publishersmarketplace.com/deals/ss.cgi?d=863
2002,5-Mar-02,THE LIFE OF VALENTINE,Binnie Kirshenbaum,Ecco,Fiction,Jewish,1972,https://www.publishersmarketplace.com/deals/ss.cgi?d=1972
2002,6-May-02,A TRUMPET IN THE WADI,Sami Michael,Simon & Schuster,Fiction,Israel; Israeli,2348,https://www.publishersmarketplace.com/deals/ss.cgi?d=2348
2002,6-Aug-02,THE LAST JIHAD,Joel C. Rosenberg,Forge,Fiction,Israel; Israeli,2917,https://www.publishersmarketplace.com/deals/ss.cgi?d=2917
2002,12-Apr-02,MINA,Jonatha Ceely,Bantam Dell,Fiction,Jewish,2198,https://www.publishersmarketplace.com/deals/ss.cgi?d=2198
2002,20-Jun-02,"THANK YOU, PLEASE HOLD",Kim Green,Bantam Dell,Fiction,Jewish,2637,https://www.publishersmarketplace.com/deals/ss.cgi?d=2637
2002,4-Sep-02,THE THEATER OF CONSOLATION,Lilian Nattel,Scribner,Fiction,Jewish,3070,https://www.publishersmarketplace.com/deals/ss.cgi?d=3070
2002,26-Nov-02,ANATEVKA TENDER,Naama Goldstein,Scribner,Fiction,Jewish; Israel,3771,https://www.publishersmarketplace.com/deals/ss.cgi?d=3771
2002,2-Jul-02,LOST TRIBE,Paul Zakrzewski,Harper,Fiction,Jewish,2700,https://www.publishersmarketplace.com/deals/ss.cgi?d=2700
2002,15-Mar-02,BEIJING,Phil Gambone,University of Wisconsin Press,Fiction,Jews,2033,https://www.publishersmarketplace.com/deals/ss.cgi?d=2033
2003,3-Feb-03,THE VIEW FROM STALIN'S HEAD,Aaron Hamburger,Random House Trade Paperbacks,Fiction,Jewish,4137,https://www.publishersmarketplace.com/deals/ss.cgi?d=4137
2003,10-Nov-03,PHANTOM PAIN,Arnon Grunberg,Other Press,Fiction,Jewish,6614,https://www.publishersmarketplace.com/deals/ss.cgi?d=6614
2003,14-Oct-03,CHICKEN DREAMING CORN,Roy Hoffman,University of Georgia Press,Fiction,Jewish,6306,https://www.publishersmarketplace.com/deals/ss.cgi?d=6306
2003,29-Apr-03,CROSSING CALIFORNIA,Adam Langer,Riverhead,Fiction: Debut,Jewish,4863,https://www.publishersmarketplace.com/deals/ss.cgi?d=4863
2003,27-Mar-03,untitled,Walter Zacharius,Atria,Fiction,Israel,4567,https://www.publishersmarketplace.com/deals/ss.cgi?d=4567
2003,1-Oct-03,THE J.A.P. CHRONICLES,Isabel Rose,Doubleday,Fiction,Jewish,6199,https://www.publishersmarketplace.com/deals/ss.cgi?d=6199
2003,24-Jan-03,GAZA STATION,Joel C. Rosenberg,Forge,Fiction,Israel,4068,https://www.publishersmarketplace.com/deals/ss.cgi?d=4068
2003,5-Feb-03,OY PIONEER!,Marleen S. Barr,University of Wisconsin Press,Fiction,Jewish,4164,https://www.publishersmarketplace.com/deals/ss.cgi?d=4164
2003,10-Dec-03,NOT ME,Michael Lavigne,Random House,Fiction,Jewish,6907,https://www.publishersmarketplace.com/deals/ss.cgi?d=6907
2003,1-Oct-03,THE WAY OF THE WHORE,Tamara Faith Berger,Gutter Press,Fiction,Jewish,6195,https://www.publishersmarketplace.com/deals/ss.cgi?d=6195
2003,20-May-03,NOWHERE IN AFRICA,Stefanie Zweig,University of Wisconsin Press,Fiction,Jewish,5046,https://www.publishersmarketplace.com/deals/ss.cgi?d=5046
2003,27-Aug-03,BETTER HOMES AND HUSBANDS,Valerie Ann Leff,St. Martin's,Fiction,Jewish,5869,https://www.publishersmarketplace.com/deals/ss.cgi?d=5869
2003,19-Mar-03,SOME DANGER INVOLVED,Will Thomas,Touchstone,Fiction,Jewish,4517,https://www.publishersmarketplace.com/deals/ss.cgi?d=4517
2004,31-Mar-04,A WALL OF LIGHT,Edeet Ravel,Harper,Fiction: General/Other,Israel,8041,https://www.publishersmarketplace.com/deals/ss.cgi?d=8041
2004,17-Oct-04,SOLOMON VS. LORD,Paul Levine,Bantam Dell,Fiction: General/Other,Jewish,10144,https://www.publishersmarketplace.com/deals/ss.cgi?d=10144
2004,24-Feb-04,DIAMONDS TAKE FOREVER,Jessica Jiji,Avon,Fiction: Romance,Jewish,7587,https://www.publishersmarketplace.com/deals/ss.cgi?d=7587
2004,6-Apr-04,GUARDIAN OF THE DAWN,Richard Zimler,Bantam Dell,Fiction: General/Other,Jewish,8105,https://www.publishersmarketplace.com/deals/ss.cgi?d=8105
2004,1-Dec-04,MATCHES,Alan Kaufman,"Little, Brown",Fiction: General/Other,Jew; Israeli,10777,https://www.publishersmarketplace.com/deals/ss.cgi?d=10777
2004,24-Feb-04,MUTUAL LIFE & CASUALTY,Elizabeth Poliner,The Permanent Press,Fiction: General/Other,Jewish,7588,https://www.publishersmarketplace.com/deals/ss.cgi?d=7588
2004,2-Mar-04,THE PLOT AGAINST AMERICA,Philip Roth,Houghton Mifflin,Fiction: General/Other,Jews,7654,https://www.publishersmarketplace.com/deals/ss.cgi?d=7654
2004,5-Feb-04,SCREAM QUEENS OF THE DEAD SEA,Gilad Elbom,Four Walls Eight Windows,Fiction: Debut,Israel,7347,https://www.publishersmarketplace.com/deals/ss.cgi?d=7347
2004,19-Oct-04,SUITE FRANCAISE,Irène Nemirovsky,Knopf,Fiction: General/Other,Jew,10170,https://www.publishersmarketplace.com/deals/ss.cgi?d=10170
2004,31-Aug-04,TALKING TO THE ENEMY,Avner Mandelman,Seven Stories,Fiction: General/Other,Israeli,9648,https://www.publishersmarketplace.com/deals/ss.cgi?d=9648
2004,10-Mar-04,THE DISTANCE BETWEEN US,Masha Hamilton,Unbridled Books,Fiction: General/Other,Israel,7797,https://www.publishersmarketplace.com/deals/ss.cgi?d=7797
2004,6-May-04,UTOPIA?,Kyra Vizas,Avon,Fiction: Romance,Jewish,8456,https://www.publishersmarketplace.com/deals/ss.cgi?d=8456
2004,3-May-04,WHY SHE MARRIED HIM,Myriam Chapman,Other Press,Fiction: Debut,Jewish,8424,https://www.publishersmarketplace.com/deals/ss.cgi?d=8424
2005,28-Oct-05,ASCENT,Danit Brown,Pantheon,Fiction: Debut,Israel,15132,https://www.publishersmarketplace.com/deals/ss.cgi?d=15132
2005,25-Jul-05,DISOBEDIENCE,Naomi Alderman,Touchstone Fireside,Fiction: Debut,Jewish,13761,https://www.publishersmarketplace.com/deals/ss.cgi?d=13761
2005,26-May-05,GOLDEN COUNTRY,Jennifer Gilmore,Scribner,Fiction: Debut,Jewish,12963,https://www.publishersmarketplace.com/deals/ss.cgi?d=12963
2005,13-Apr-05,IXTLAN,Robert Marshall,Carroll & Graf,Fiction: Debut,Jewish,12328,https://www.publishersmarketplace.com/deals/ss.cgi?d=12328
2005,14-Jun-05,PEEP SHOW,Joshua Braff,Algonquin,Fiction: General/Other,Jewish,13194,https://www.publishersmarketplace.com/deals/ss.cgi?d=13194
2005,30-Jun-05,BREAKFAST WITH THE ONES YOU LOVE,Eliot Fintushel,Bantam Spectra,Fiction: Debut,Jewish,13442,https://www.publishersmarketplace.com/deals/ss.cgi?d=13442
2005,29-Sep-05,SUMMER CROSSING,Truman Capote,Random House,Fiction: General/Other,Jewish,14652,https://www.publishersmarketplace.com/deals/ss.cgi?d=14652
2005,25-Aug-05,THE BOOK OF NAMES,Jill Gregory and Karen Tintori,St. Martin's,Fiction: Thriller,Jewish,14153,https://www.publishersmarketplace.com/deals/ss.cgi?d=14153
2005,13-Jan-05,THE BOOSTER,Jennifer Solow,Atria,Fiction: Debut,Jewish,11171,https://www.publishersmarketplace.com/deals/ss.cgi?d=11171
2005,27-Oct-05,THE DALLAS WOMEN'S GUIDE TO GOLD-DIGGING WITH PRIDE,J.C. Conklin,Ballantine,Fiction: Debut,Jewish,15107,https://www.publishersmarketplace.com/deals/ss.cgi?d=15107
2005,21-Apr-05,THE KOMMANDANT'S GIRL,Pam Jenoff,Mira,Fiction: Romance,Jewish,12479,https://www.publishersmarketplace.com/deals/ss.cgi?d=12479
2005,26-May-05,THE MASCOT,Mark Kurzem,Viking,Fiction: General/Other,Jewish,12870,https://www.publishersmarketplace.com/deals/ss.cgi?d=12870
2005,29-Aug-05,THE SCAR OF DAVID,Susan J. Abulhawa,New South,Fiction: Debut,Israel,14175,https://www.publishersmarketplace.com/deals/ss.cgi?d=14175
2005,16-Dec-05,THE SHIKSA SYNDROME,Laurie Graff,Red Dress Ink,Fiction: Romance,Jewish,15859,https://www.publishersmarketplace.com/deals/ss.cgi?d=15859
2005,12-Jul-05,WHEN YOU SAY YOU'RE A JEW,Elisa Albert,Free Press,Fiction: Debut,Jewish; Jew,13574,https://www.publishersmarketplace.com/deals/ss.cgi?d=13574
2006,22-Oct-06,A MAD DESIRE TO DANCE,Elie Wiesel,Knopf,Fiction: General/Other,Jewish,20621,https://www.publishersmarketplace.com/deals/ss.cgi?d=20621
2006,11-Jan-06,A WOMAN ALONE AT NIGHT,Tamara Faith Berger,Soft Skull,Fiction: General/Other,Jewish,16080,https://www.publishersmarketplace.com/deals/ss.cgi?d=16080
2006,2-May-06,ISAIAH & THE PROPHETESS,Mary Rourke,Crown,Fiction: General/Other,Hebrew,17973,https://www.publishersmarketplace.com/deals/ss.cgi?d=17973
2006,17-Apr-06,JWALANAGAR STORIES,Sophie Judah,Schocken Books,Fiction: Debut,Jews; Israel,17723,https://www.publishersmarketplace.com/deals/ss.cgi?d=17723
2006,27-Mar-06,LANDSMAN,Peter Melman,Counterpoint,Fiction: Debut,Jewish,17406,https://www.publishersmarketplace.com/deals/ss.cgi?d=17406
2006,6-Apr-06,ONE GOD AT MOST,Debra Galant,St. Martin's,Fiction: General/Other,Jewish,17592,https://www.publishersmarketplace.com/deals/ss.cgi?d=17592
2006,12-Sep-06,RASHI'S DAUGHTERS,Maggie Anton,Plume,Fiction: General/Other,Jewish; Jews,19937,https://www.publishersmarketplace.com/deals/ss.cgi?d=19937
2006,10-Aug-06,REMOTE CONTROL,Cynthia Polansky,Echelon Press,Fiction: Romance,Jewish,19558,https://www.publishersmarketplace.com/deals/ss.cgi?d=19558
2006,20-Sep-06,SANCTUARY,Molly Noble Bull,Tsaba House,Fiction: General/Other,Jewish,20107,https://www.publishersmarketplace.com/deals/ss.cgi?d=20107
2006,3-Oct-06,SHIKSA SYNDROME,Laurie Graff,Doubleday,Fiction: General/Other,Jewish,20373,https://www.publishersmarketplace.com/deals/ss.cgi?d=20373
2006,17-May-06,SONGS FOR THE BUTCHER'S DAUGHTER,Peter Manseau,Free Press,Fiction: Debut,Jewish,18262,https://www.publishersmarketplace.com/deals/ss.cgi?d=18262
2006,10-Aug-06,THE EDGE OF THE FENCE,Sara Young,Harcourt,Fiction: Debut,Jewish,19556,https://www.publishersmarketplace.com/deals/ss.cgi?d=19556
2006,3-Apr-06,THE END OF THE JEWS,Adam Mansbach,Spiegel & Grau,Fiction: General/Other,Jews,17496,https://www.publishersmarketplace.com/deals/ss.cgi?d=17496
2007,6-Feb-07,CASPIAN RAIN,Gina Nahai,MacAdam/Cage,Fiction: General/Other,Jewish,22316,https://www.publishersmarketplace.com/deals/ss.cgi?d=22316
2007,14-Mar-07,BEAUFORT,Ron Leshem,Bantam Dell,Fiction: Debut,Israeli,22989,https://www.publishersmarketplace.com/deals/ss.cgi?d=22989
2007,9-Mar-07,CLOSE TO JEDENEW and MARA KOGOJ,Kevin Vennemann,Melville House,Fiction: Debut,Jewish,22919,https://www.publishersmarketplace.com/deals/ss.cgi?d=22919
2007,22-Jan-07,HOLDING MY BREATH,Sidura Ludwig,Shaye Areheart Books,Fiction: Debut,Jewish,22021,https://www.publishersmarketplace.com/deals/ss.cgi?d=22021
2007,21-Mar-07,MY LIFE AT FIRST TRY,Mark Budman,Counterpoint,Fiction: Debut,Jewish,23095,https://www.publishersmarketplace.com/deals/ss.cgi?d=23095
2007,17-Aug-07,WHAT HAPPENED TO ANNA K,Irina Reyn,Touchstone Fireside,Fiction: Debut,Jewish,25656,https://www.publishersmarketplace.com/deals/ss.cgi?d=25656
2007,10-Sep-07,WHO BY FIRE,Diana Spechler,Harper,Fiction: Debut,Jewish,25988,https://www.publishersmarketplace.com/deals/ss.cgi?d=25988
2007,5-Sep-07,WHO KILLED ART DECO?,Chuck Barris,Simon & Schuster,Fiction: Mystery/Crime,Jewish,25902,https://www.publishersmarketplace.com/deals/ss.cgi?d=25902
2008,17-Dec-08,DISPLACED PERSONS,Ghita Schwarz,William Morrow,Fiction: Debut,Jewish,35488,https://www.publishersmarketplace.com/deals/ss.cgi?d=35488
2008,25-Feb-08,EVERY HOME NEEDS A BALCONY,Rina Frank,Harper,Fiction: Debut,Jewish; Israel; Israeli,29308,https://www.publishersmarketplace.com/deals/ss.cgi?d=29308
2008,3-Nov-08,PANORAMA,H.G. Adler,Random House,Fiction: General/Other,Jews,34454,https://www.publishersmarketplace.com/deals/ss.cgi?d=34454
2008,2-Dec-08,STONES,Michael Aaron Rockland,Hansen,Fiction: General/Other,Jewish,35106,https://www.publishersmarketplace.com/deals/ss.cgi?d=35106
2008,8-Jul-08,STONES OF FIRE,Chloe Palov,Berkley,Fiction: Debut,Hebrew,32147,https://www.publishersmarketplace.com/deals/ss.cgi?d=32147
2008,16-Jan-08,SWEET DATES IN BASRA,Jessica Jiji,William Morrow,Fiction: General/Other,Jewish,28543,https://www.publishersmarketplace.com/deals/ss.cgi?d=28543
2008,15-Apr-08,THE FIFTH SERVANT,Kenneth Wishnia,William Morrow,Fiction: Debut,Jewish,30453,https://www.publishersmarketplace.com/deals/ss.cgi?d=30453
2008,9-Oct-08,THE LORD IS MY SHEPHERD,Debbie Viguie,Abingdon Press,Fiction: Mystery/Crime,Jewish,33984,https://www.publishersmarketplace.com/deals/ss.cgi?d=33984
2008,10-Jul-08,THE TENTH SONG,Naomi Ragen,St. Martin's,Fiction: General/Other,Israel,32181,https://www.publishersmarketplace.com/deals/ss.cgi?d=32181
2008,9-Aug-08,TOMATO RHAPSODY,Adam Schell,Bantam Dell,Fiction: Debut,Jews,33088,https://www.publishersmarketplace.com/deals/ss.cgi?d=33088
2008,30-Sep-08,WILDFLOWERS OF TEREZIN,Robert Elmer,Abingdon Press,Fiction: Inspirational,Jewish; Jews,33709,https://www.publishersmarketplace.com/deals/ss.cgi?d=33709
2009,3-Mar-09,HIDDEN FACETS,Alan Orloff,Midnight Ink,Fiction: Mystery/Crime,Jew,36822,https://www.publishersmarketplace.com/deals/ss.cgi?d=36822
2009,26-Oct-09,HIGH AT THE BOTTOM,Stephen Wetta,Amy Einhorn Books,Fiction: Debut,Jewish,42078,https://www.publishersmarketplace.com/deals/ss.cgi?d=42078
2009,8-Apr-09,MR. ROSENBLUM'S LIST,Natasha Solomons,Reagan Arthur Books,Fiction: Debut,Jewish,37725,https://www.publishersmarketplace.com/deals/ss.cgi?d=37725
2009,13-Apr-09,RICH BOY,Sharon Pomerantz,Twelve,Fiction: Debut,Jewish,37814,https://www.publishersmarketplace.com/deals/ss.cgi?d=37814
2009,28-Apr-09,THE DEBBA,Avner Mandelman,Other Press,Fiction: Debut,Jews; Israel; Israeli,38218,https://www.publishersmarketplace.com/deals/ss.cgi?d=38218
2009,19-Oct-09,THE LITTLE BRIDE,Anna Solomon,Riverhead,Fiction: Debut,Jewish,41893,https://www.publishersmarketplace.com/deals/ss.cgi?d=41893
2009,8-Apr-09,THE MARRIAGE ARTIST,Andrew Winer,Holt,Fiction: General/Other,Jewish,37713,https://www.publishersmarketplace.com/deals/ss.cgi?d=37713
2009,9-Mar-09,THE SLEEPWALKERS,Paul Grossman,St. Martin's,Fiction: Thriller,Jewish,36978,https://www.publishersmarketplace.com/deals/ss.cgi?d=36978
2009,23-Jan-09,THE WAR AT BOM FIM,Moacyr Scliar,Texas Tech University Press,Fiction: General/Other,Jewish,35985,https://www.publishersmarketplace.com/deals/ss.cgi?d=35985
2010,2-Jun-10,13 FUGUES,Jennifer Natalya Fink,Dark Coast Press,Fiction: General/Other,Jewish,47328,https://www.publishersmarketplace.com/deals/ss.cgi?d=47328
2010,24-Sep-10,AN INTELLIGENT JEWESS,Janice Steinberg,Random House,Fiction: General/Other,Jewish,49799,https://www.publishersmarketplace.com/deals/ss.cgi?d=49799
2010,11-Nov-10,"BOXER, BEETLE",Ned Beauman,Bloomsbury,Fiction: Debut,Jewish,51109,https://www.publishersmarketplace.com/deals/ss.cgi?d=51109
2010,5-Nov-10,DEATH'S DOOR,James Benn,Soho Press,Fiction: Mystery/Crime,Jews,50925,https://www.publishersmarketplace.com/deals/ss.cgi?d=50925
2010,14-Apr-10,FAR TO GO,Alison Pick,Harper Perennial,Fiction: General/Other,Jewish,46124,https://www.publishersmarketplace.com/deals/ss.cgi?d=46124
2010,8-Feb-10,SCENES FROM A VILLAGE LIFE,Amos Oz,Houghton Mifflin Harcourt,Fiction: General/Other,Israel; Israeli,44310,https://www.publishersmarketplace.com/deals/ss.cgi?d=44310
2010,18-Feb-10,THE BOOK OF LIFE,Stuart Nadler,Reagan Arthur Books,Fiction: General/Other,Jewish,47130,https://www.publishersmarketplace.com/deals/ss.cgi?d=47130
2010,30-Aug-10,THE LIST,Martin Fletcher,Thomas Dunne Books,Fiction: General/Other,Jewish,49230,https://www.publishersmarketplace.com/deals/ss.cgi?d=49230
2010,17-Sep-10,THE LITTLE RUSSIAN,Susan Sherman,Counterpoint,Fiction: Debut,Jewish,49639,https://www.publishersmarketplace.com/deals/ss.cgi?d=49639
2010,7-Sep-10,THE MASTER'S WALL,Sandi Rog,DeWard,Fiction: Inspirational,Hebrew,49296,https://www.publishersmarketplace.com/deals/ss.cgi?d=49296
2010,20-May-10,THE ORIENTAL WIFE,Evelyn Toynton,Other Press,Fiction: General/Other,Jewish,47072,https://www.publishersmarketplace.com/deals/ss.cgi?d=47072
2010,12-Nov-10,THE PICNIC,Jaimy Gordon,Pantheon,Fiction: General/Other,Jewish; Jews,51161,https://www.publishersmarketplace.com/deals/ss.cgi?d=51161
2010,4-Jan-10,THE STORY OF MY PURITY,Francesco Pacifico,"Farrar, Straus",Fiction: General/Other,Jews,43509,https://www.publishersmarketplace.com/deals/ss.cgi?d=43509
2010,26-Apr-10,WHEN WE DANCED ON WATER,Evan Fallenberg,Harper Perennial,Fiction: Debut,Israeli,46415,https://www.publishersmarketplace.com/deals/ss.cgi?d=46415
2011,16-May-11,A WEDDING IN GREAT NECK,Yona Zeldis McDonough,NAL,Fiction: Romance,Israeli,55834,https://www.publishersmarketplace.com/deals/ss.cgi?d=55834
2011,19-Dec-11,AMERICAN GHOST,Janis Owens,Scribner,Fiction: General/Other,Jewish,61349,https://www.publishersmarketplace.com/deals/ss.cgi?d=61349
2011,7-Jul-11,IN SUNLIGHT AND IN SHADOW,Mark Helprin,Houghton Mifflin Harcourt,Fiction: General/Other,Jewish,57177,https://www.publishersmarketplace.com/deals/ss.cgi?d=57177
2011,9-Dec-11,ISCARIOT,Tosca Lee,Howard Books,Fiction: General/Other,Jew,61047,https://www.publishersmarketplace.com/deals/ss.cgi?d=61047
2011,8-Mar-11,KAFKA'S LEOPARDS,Moacyr Scliar,Texas Tech University Press,Fiction: General/Other,Jew,53873,https://www.publishersmarketplace.com/deals/ss.cgi?d=53873
2011,15-Jun-11,LITTLE BOYS LOST,Austin Ratner,Reagan Arthur Books,Fiction: General/Other,Jewish,56636,https://www.publishersmarketplace.com/deals/ss.cgi?d=56636
2011,17-Aug-11,RUNAWAY MAN,David Handler,Thomas Dunne Books,Fiction: Mystery/Crime,Jewish,58082,https://www.publishersmarketplace.com/deals/ss.cgi?d=58082
2011,29-Mar-11,TEMPLE FORTUNE,Francesca Segal,Voice,Fiction: General/Other,Jewish,54533,https://www.publishersmarketplace.com/deals/ss.cgi?d=54533
2011,27-Dec-11,THE ALMOND TREE,Michelle Cohen Corasanti,Garnet,Fiction: Debut,Israeli,61455,https://www.publishersmarketplace.com/deals/ss.cgi?d=61455
2011,10-Mar-11,THE DOVEKEEPERS,Alice Hoffman,Scribner,Fiction: General/Other,Jewish; Israel,53933,https://www.publishersmarketplace.com/deals/ss.cgi?d=53933
2011,24-Oct-11,THE LION SEEKER,Kenneth Bonert,Houghton Mifflin Harcourt,Fiction: General/Other,Jewish,59739,https://www.publishersmarketplace.com/deals/ss.cgi?d=59739
2011,2-Mar-11,THE MIDWIFE OF VENICE,Roberta Rich,Gallery,Fiction: Thriller,Jewish,53650,https://www.publishersmarketplace.com/deals/ss.cgi?d=53650
2011,7-Mar-11,THE NOVEL IN THE VIOLA,Natasha Solomons,Plume,Fiction: General/Other,Jewish,53840,https://www.publishersmarketplace.com/deals/ss.cgi?d=53840
2011,20-Sep-11,THE PLUM TREE,Ellen Wiseman,Kensington,Fiction: Debut,Jewish,58897,https://www.publishersmarketplace.com/deals/ss.cgi?d=58897
2011,2-Mar-11,THE SMELL OF PINE,Lara Vapnyar,Open City Books,Fiction: General/Other,Jews,53655,https://www.publishersmarketplace.com/deals/ss.cgi?d=53655
2011,11-Apr-11,TOMORROW THERE WILL BE APRICOTS,Jessica Soffer,Houghton Mifflin Harcourt,Fiction: General/Other,Jewish,54923,https://www.publishersmarketplace.com/deals/ss.cgi?d=54923
2012,28-Mar-12,A BRILLIANT NOVEL IN THE WORKS,Yuvi Zalkow,MP Publishing,Fiction: Debut,Israeli,64041,https://www.publishersmarketplace.com/deals/ss.cgi?d=64041
2012,16-Apr-12,untitled,Peter Golden,Atria,Fiction: General/Other,Jewish,64624,https://www.publishersmarketplace.com/deals/ss.cgi?d=64624
2012,11-Dec-12,HENNA,Nomi Eve,Scribner,Fiction: General/Other,Jewish,71168,https://www.publishersmarketplace.com/deals/ss.cgi?d=71168
2012,25-Oct-12,I PITY THE POOR IMMIGRANT,Zachary Lazar,"Little, Brown",Fiction: General/Other,Israeli,69945,https://www.publishersmarketplace.com/deals/ss.cgi?d=69945
2012,11-Dec-12,POISON PILL,Glenn Kaplan,Tor,Fiction: Thriller,Jewish,71113,https://www.publishersmarketplace.com/deals/ss.cgi?d=71113
2012,18-Apr-12,"REVENGE, A LOVE STORY",Martin Fletcher,Thomas Dunne Books,Fiction: General/Other,Jewish,64708,https://www.publishersmarketplace.com/deals/ss.cgi?d=64708
2012,31-May-12,SANDSTORM,Alan Lee,Forge,Fiction: Debut,Israel,65891,https://www.publishersmarketplace.com/deals/ss.cgi?d=65891
2012,24-Jan-12,SHE'S NOT HERE and ESTHER STORIES,Peter Orner,"Little, Brown",Fiction: General/Other,Jewish,62088,https://www.publishersmarketplace.com/deals/ss.cgi?d=62088
2012,23-Feb-12,THE 13TH TRIBE,Robert Liparulo,Thomas Nelson,Fiction: General/Other,Israel,62990,https://www.publishersmarketplace.com/deals/ss.cgi?d=62990
2012,6-Mar-12,THE AMBASSADOR'S DAUGHTER,Pam Jenoff,Mira,Fiction: Romance,Jewish,63311,https://www.publishersmarketplace.com/deals/ss.cgi?d=63311
2012,11-Dec-12,THE DUST WILL NEVER SETTLE,Mukul Deva,Tor,Fiction: Thriller,Israeli,71112,https://www.publishersmarketplace.com/deals/ss.cgi?d=71112
2012,14-Dec-12,THE LIE,Hesh Kestin,Scribner,Fiction: General/Other,Israeli,71351,https://www.publishersmarketplace.com/deals/ss.cgi?d=71351
2012,18-Oct-12,THE PARIS ARCHITECT,Charles Belfoure,Sourcebooks Landmark,Fiction: General/Other,Jews,69748,https://www.publishersmarketplace.com/deals/ss.cgi?d=69748
2012,26-Aug-12,THE Q MANIFESTO,Alan Schleimer,Stonegate Ink,Fiction: Thriller,Jewish,68097,https://www.publishersmarketplace.com/deals/ss.cgi?d=68097
2012,2-Aug-12,THE ROCKWAY STORIES,Tara Ison,Soft Skull,Fiction: General/Other,Judaism,67534,https://www.publishersmarketplace.com/deals/ss.cgi?d=67534
2012,31-Jan-12,THE SALT GOD'S DAUGHTER,Ilie Ruby,Soft Skull,Fiction: General/Other,Jewish,62314,https://www.publishersmarketplace.com/deals/ss.cgi?d=62314
2012,17-Oct-12,WHERE TREASURE HIDES,Johnnie Alexander Donley,Tyndale,Fiction: Inspirational,Jewish,69707,https://www.publishersmarketplace.com/deals/ss.cgi?d=69707
2013,28-Jan-13,A REPLACEMENT LIFE,Boris Fishman,Harper,Fiction: Debut,Jews,72289,https://www.publishersmarketplace.com/deals/ss.cgi?d=72289
2013,25-Mar-13,A WELL-TEMPERED HEART,Jan-Philipp Sendker,Other Press,Fiction: General/Other,Hebrew,74083,https://www.publishersmarketplace.com/deals/ss.cgi?d=74083
2013,16-May-13,DARK AEMILIA,Sally O'Reilly,Picador USA,Fiction: General/Other,Jewish,75663,https://www.publishersmarketplace.com/deals/ss.cgi?d=75663
2013,9-Jul-13,FLORENCE GORDON,Brian Morton,Houghton Mifflin Harcourt,Fiction: General/Other,Jewish,77192,https://www.publishersmarketplace.com/deals/ss.cgi?d=77192
2013,25-Jan-13,FOR SUCH A TIME AS THIS,Kate Breslin,Bethany House,Fiction: Inspirational,Jewish,72272,https://www.publishersmarketplace.com/deals/ss.cgi?d=72272
2013,18-Dec-13,INSIDE THE HEAD OF BRUNO SCHULZ,Maxim Biller,Pushkin Press,Fiction: General/Other,Jewish,82051,https://www.publishersmarketplace.com/deals/ss.cgi?d=82051
2013,17-Oct-13,MAYBE ESTHER,Katja Petrowskaja,Harper,Fiction: General/Other,Jewish,80246,https://www.publishersmarketplace.com/deals/ss.cgi?d=80246
2013,19-Nov-13,ORPHAN #8,Kim van Alkemade,William Morrow,Fiction: Debut,Hebrew,81180,https://www.publishersmarketplace.com/deals/ss.cgi?d=81180
2013,25-Jan-13,QUEEN,H.B. Moore,StoneHouse Ink,Fiction: Thriller,Israeli,72244,https://www.publishersmarketplace.com/deals/ss.cgi?d=72244
2013,2-Jul-13,QUEEN OF THIEVES,J. North Conway,Skyhorse,Fiction: Mystery/Crime,Jewish,77073,https://www.publishersmarketplace.com/deals/ss.cgi?d=77073
2013,21-May-13,SHOSHANA,Michael Barrett,Appletree,Fiction: Debut,Israel,75887,https://www.publishersmarketplace.com/deals/ss.cgi?d=75887
2013,17-Jun-13,THE BETRAYERS,David Bezmozgis,"Little, Brown",Fiction: Thriller,Israeli,76673,https://www.publishersmarketplace.com/deals/ss.cgi?d=76673
2013,10-Dec-13,THE EMPIRE OF THE SENSES,Alexis Landau,Pantheon,Fiction: Debut,Jewish,81740,https://www.publishersmarketplace.com/deals/ss.cgi?d=81740
2013,12-Apr-13,THE HILLTOP,Assaf Gavron,Scribner,Fiction: General/Other,Israeli; Hebrew,74646,https://www.publishersmarketplace.com/deals/ss.cgi?d=74646
2013,19-Jul-13,THE LAST FLIGHT OF POXL WEST,Daniel Torday,St. Martin's,Fiction: Debut,Jewish,77611,https://www.publishersmarketplace.com/deals/ss.cgi?d=77611
2013,17-May-13,THE MAPMAKER'S DAUGHTER,Laurel Corona,Sourcebooks Landmark,Fiction: General/Other,Jewish,75782,https://www.publishersmarketplace.com/deals/ss.cgi?d=75782
2013,29-May-13,THE MATHEMATICIAN'S SHIVA,Stuart Rojstaczer,Penguin,Fiction: Debut,Jewish,76120,https://www.publishersmarketplace.com/deals/ss.cgi?d=76120
2013,7-Feb-13,THE UNAMERICANS and THE AFTER PARTY,Molly Antopol,Norton,Fiction: Debut,Israel,72642,https://www.publishersmarketplace.com/deals/ss.cgi?d=72642
2013,9-Dec-13,TWO SHE-BEARS,Meir Shalev,Pantheon,Fiction: Thriller,Israeli,81723,https://www.publishersmarketplace.com/deals/ss.cgi?d=81723
2013,2-Feb-13,WHAT'S IMPORTANT IS FEELING,Adam Wilson,Harper Perennial,Fiction: General/Other,Jewish,72497,https://www.publishersmarketplace.com/deals/ss.cgi?d=72497
2014,1-Apr-14,A MASTER PLAN FOR RESCUE,Janis Cooke Newman,Riverhead,Fiction: General/Other,Jewish,85166,https://www.publishersmarketplace.com/deals/ss.cgi?d=85166
2014,24-Oct-14,HOW SWEET IT IS,Thane Rosenbaum,Mandel Vilar,Fiction: General/Other,Jewish,91334,https://www.publishersmarketplace.com/deals/ss.cgi?d=91334
2014,9-Jan-14,INTO THE VALLEY OF SECRETS,Cathy Gohlke,Tyndale,Fiction: Inspirational,Jews,82372,https://www.publishersmarketplace.com/deals/ss.cgi?d=82372
2014,17-Jun-14,JUDAS,Amos Oz,Houghton Mifflin Harcourt,Fiction: General/Other,Jewish,87424,https://www.publishersmarketplace.com/deals/ss.cgi?d=87424
2014,16-Dec-14,KING OF SHARDS,Matthew Kressel,Resurrection House,Fiction: Sci-Fi/Fantasy,Jewish,93088,https://www.publishersmarketplace.com/deals/ss.cgi?d=93088
2014,13-Nov-14,MODERN GIRLS,Jennifer Brown,NAL,Fiction: Debut,Jewish,92051,https://www.publishersmarketplace.com/deals/ss.cgi?d=92051
2014,8-Oct-14,RANSOM FOR A BUTTERFLY,Ronald Balson,St. Martin's,Fiction: General/Other,Israeli,90923,https://www.publishersmarketplace.com/deals/ss.cgi?d=90923
2014,16-Dec-14,SAFEKEEPING,Jessamyn Hope,Fig Tree Books,Fiction: Debut,Jewish,93079,https://www.publishersmarketplace.com/deals/ss.cgi?d=93079
2014,9-Jun-14,THE BEAUTIFUL POSSIBLE,Amy Gottlieb,Harper Perennial,Fiction: Debut,Jewish,87213,https://www.publishersmarketplace.com/deals/ss.cgi?d=87213
2014,16-Sep-14,THE BRIDAL CHAIR,Gloria Goldreich,Sourcebooks Landmark,Fiction: General/Other,Jewish,89909,https://www.publishersmarketplace.com/deals/ss.cgi?d=89909
2014,9-May-14,THE BURIAL CIRCLE,Diana Bletter,William Morrow,Fiction: Debut,Jewish; Israel,86418,https://www.publishersmarketplace.com/deals/ss.cgi?d=86418
2014,2-Jun-14,THE DEBT OF TAMAR,Nicole Dweck,Thomas Dunne Books,Fiction: Debut,Jewish,86949,https://www.publishersmarketplace.com/deals/ss.cgi?d=86949
2014,6-Mar-14,THE DISPOSSESSED,Szilard Borbely,Harper,Fiction: General/Other,Jewish,84275,https://www.publishersmarketplace.com/deals/ss.cgi?d=84275
2014,29-Sep-14,THE HOUSEGUEST,Kim Brooks,Counterpoint,Fiction: Debut,Jewish; Jews,90453,https://www.publishersmarketplace.com/deals/ss.cgi?d=90453
2014,24-Apr-14,THE JAZZ PALACE,Mary Morris,Nan A. Talese,Fiction: General/Other,Jewish,85891,https://www.publishersmarketplace.com/deals/ss.cgi?d=85891
2014,12-Dec-14,THE MYSTICS OF MILE END,Sigal Samuel,Harper,Fiction: Debut,Jewish,92980,https://www.publishersmarketplace.com/deals/ss.cgi?d=92980
2015,6-May-15,untitled,Renee Rosen,NAL,Fiction: General/Other,Jewish,97500,https://www.publishersmarketplace.com/deals/ss.cgi?d=97500
2015,8-Jan-15,LACOMBE LUCIEN,Louis Malle and Patrick Modiano,Other Press,Fiction: General/Other,Jewish,93430,https://www.publishersmarketplace.com/deals/ss.cgi?d=93430
2015,9-Sep-15,LEAVING LUCY PEAR,Anna Solomon,Viking,Fiction: General/Other,Jewish,106402,https://www.publishersmarketplace.com/deals/ss.cgi?d=106402
2015,14-Apr-15,PROVIDENCE,Barbara Britton,Harbourlight Books,Fiction: Debut,Israel,96717,https://www.publishersmarketplace.com/deals/ss.cgi?d=96717
2015,22-Sep-15,SELMA AND NELLY,Marlene Wagman-Geller,Bleeding Heart,Fiction: General/Other,Jewish,107956,https://www.publishersmarketplace.com/deals/ss.cgi?d=107956
2015,23-Apr-15,SEPTIMANIA,Jonathan Levi,Overlook,Fiction: General/Other,Jews,97042,https://www.publishersmarketplace.com/deals/ss.cgi?d=97042
2015,9-Dec-15,SIRIUS,Jonathan Crown,Scribner,Fiction: General/Other,Jewish,116293,https://www.publishersmarketplace.com/deals/ss.cgi?d=116293
2015,23-Mar-15,THE AERIALIST,Pam Jenoff,Mira,Fiction: General/Other,Jews,95901,https://www.publishersmarketplace.com/deals/ss.cgi?d=95901
2015,27-Apr-15,THE AFTERLIFE OF STARS,Joseph Kertes,"Little, Brown",Fiction: General/Other,Jewish,97113,https://www.publishersmarketplace.com/deals/ss.cgi?d=97113
2015,18-Mar-15,THE BEST PLACE ON EARTH,Ayelet Tsabari,Random House,Fiction: General/Other,Jewish,95729,https://www.publishersmarketplace.com/deals/ss.cgi?d=95729
2015,1-Oct-15,THE DEVOURING,James Benn,Soho Press,Fiction: Mystery/Crime,Jewish,109147,https://www.publishersmarketplace.com/deals/ss.cgi?d=109147
2015,18-Feb-15,THE ENGLISH TEACHER,Yiftah Atir,Penguin,Fiction: Mystery/Crime,Israel,94733,https://www.publishersmarketplace.com/deals/ss.cgi?d=94733
2015,9-Nov-15,THE KAISER'S LAST KISS,Alan Judd,Touchstone,Fiction: General/Other,Jewish,113290,https://www.publishersmarketplace.com/deals/ss.cgi?d=113290
2015,15-May-15,THE KAMINSKY CURE,Christopher New,Delphinium,Fiction: General/Other,Jewish,97890,https://www.publishersmarketplace.com/deals/ss.cgi?d=97890
2015,12-Jan-15,THE ONE MAN,Andrew Gross,Minotaur,Fiction: Thriller,Jew,93519,https://www.publishersmarketplace.com/deals/ss.cgi?d=93519
2015,22-Sep-15,THE RUINED HOUSE,Ruby Namdar,Harper,Fiction: General/Other,Israel,107977,https://www.publishersmarketplace.com/deals/ss.cgi?d=107977
2015,3-Jun-15,THE SECOND WINTER,Craig Larsen,Other Press,Fiction: General/Other,Jewish,98409,https://www.publishersmarketplace.com/deals/ss.cgi?d=98409
2015,21-Sep-15,THREE ENVELOPES,Nir Hezroni,Thomas Dunne Books,Fiction: Thriller,Israeli,107672,https://www.publishersmarketplace.com/deals/ss.cgi?d=107672
2015,8-Jan-15,untitled,Yochi Brandes,St. Martin's,Fiction: General/Other,Israel; Israeli,93455,https://www.publishersmarketplace.com/deals/ss.cgi?d=93455
2016,16-May-16,AN OCCUPATION,Joshua Cohen,Random House,Fiction: General/Other,Israeli,132607,https://www.publishersmarketplace.com/deals/ss.cgi?d=132607
2016,9-Jun-16,AT THE HOUR BETWEEN DOG AND WOLF,Tara Ison,Counterpoint,Fiction: General/Other,Jewish,135361,https://www.publishersmarketplace.com/deals/ss.cgi?d=135361
2016,19-Jan-16,BORDERLIFE,Dorit Rabinyan,Random House,Fiction: General/Other,Israel; Israeli,119290,https://www.publishersmarketplace.com/deals/ss.cgi?d=119290
2016,21-Jun-16,BUILDING BENJAMIN,Barbara Britton,Pelican Book Group,Fiction: Inspirational,Israel,136708,https://www.publishersmarketplace.com/deals/ss.cgi?d=136708
2016,20-Jun-16,COME BACK FOR ME,Sharon Hart-Green,New Jewish Press,Fiction: Debut,Jewish,136414,https://www.publishersmarketplace.com/deals/ss.cgi?d=136414
2016,22-Apr-16,EGYPT'S SISTER,Angela Hunt,Bethany House,Fiction: Romance,Jewish,130147,https://www.publishersmarketplace.com/deals/ss.cgi?d=130147
2016,30-Nov-16,GATEWAY TO THE MOON,Mary Morris,Nan A. Talese,Fiction: General/Other,Jews,153211,https://www.publishersmarketplace.com/deals/ss.cgi?d=153211
2016,13-Apr-16,GONE TO DUST,Matt Goldman,Forge,Fiction: Mystery/Crime,Jewish,129295,https://www.publishersmarketplace.com/deals/ss.cgi?d=129295
2016,16-May-16,IN THE FREE COUNTRY,Betsy Carter,Grand Central,Fiction: General/Other,Jewish,132610,https://www.publishersmarketplace.com/deals/ss.cgi?d=132610
2016,12-Dec-16,JERUSLAEM RISING,Barbara Britton,Pelican Book Group,Fiction: Inspirational,Israel,154825,https://www.publishersmarketplace.com/deals/ss.cgi?d=154825
2016,22-Jan-16,NARROW BRIDGE,Joyce Gittlin and Janet Fattal,Prospect Park Books,Fiction: Debut,Jewish,119722,https://www.publishersmarketplace.com/deals/ss.cgi?d=119722
2016,14-Mar-16,NINE FOLDS MAKE A PAPER SWAN,Ruth Gilligan,Tin House Books,Fiction: General/Other,Jewish,125845,https://www.publishersmarketplace.com/deals/ss.cgi?d=125845
2016,23-Apr-16,THE COMEDOWN,Rebekah Frumkin,Holt,Fiction: Debut,Jewish,130204,https://www.publishersmarketplace.com/deals/ss.cgi?d=130204
2016,17-Oct-16,THE DIAMOND SETTER,Moshe Sakal,Other Press,Fiction: General/Other,Jewish; Israel; Israeli,148711,https://www.publishersmarketplace.com/deals/ss.cgi?d=148711
2016,8-Nov-16,THE GLASS WEDDING,Alexandra Borowitz,Mira,Fiction: Debut,Jewish,150907,https://www.publishersmarketplace.com/deals/ss.cgi?d=150907
2016,30-Mar-16,THE MATRIMONIAL FLIRTATIONS OF EMMA KAULFIELD,Anna Fishbeyn,Skyhorse,Fiction: Debut,Jewish,127681,https://www.publishersmarketplace.com/deals/ss.cgi?d=127681
2016,12-Jul-16,THE METER GIRL,Janet Beard,William Morrow,Fiction: General/Other,Jewish,138889,https://www.publishersmarketplace.com/deals/ss.cgi?d=138889
2016,8-Apr-16,THE TRICK,Emanuel Bergmann,Atria,Fiction: Debut,Jewish,128767,https://www.publishersmarketplace.com/deals/ss.cgi?d=128767
2016,9-Jun-16,THE WEIGHT OF INK,Rachel Kadish,Houghton Mifflin Harcourt,Fiction: General/Other,Jewish,135481,https://www.publishersmarketplace.com/deals/ss.cgi?d=135481
2016,18-Feb-16,THE WORLDS WE THINK WE KNOW,Dalia Rosenfeld,Milkweed,Fiction: Debut,Israel,122869,https://www.publishersmarketplace.com/deals/ss.cgi?d=122869
2016,19-Oct-16,WE ARE GATHERED,Jamie Weisman,Houghton Mifflin Harcourt,Fiction: Debut,Jewish,148966,https://www.publishersmarketplace.com/deals/ss.cgi?d=148966
2017,15-Jun-17,untitled,Marie Benedict,Sourcebooks Landmark,Fiction: General/Other,Jewish,174319,https://www.publishersmarketplace.com/deals/ss.cgi?d=174319
2017,31-Oct-17,CESARE,Jerome Charyn,Bellevue Literary Press,Fiction: General/Other,Jewish,188557,https://www.publishersmarketplace.com/deals/ss.cgi?d=188557
2017,4-Jan-17,IMPERFECT SOLO,Steven Boykey Sidley,Skyhorse,Fiction: General/Other,Jewish,156223,https://www.publishersmarketplace.com/deals/ss.cgi?d=156223
2017,4-Aug-17,NOT OUR KIND,Kitty Zeldis,Harper,Fiction: General/Other,Jewish,179197,https://www.publishersmarketplace.com/deals/ss.cgi?d=179197
2017,16-Sep-17,OF ANOTHER TIME AND PLACE,Brad Schaeffer,Post Hill Press,Fiction: Debut,Jews,183358,https://www.publishersmarketplace.com/deals/ss.cgi?d=183358
2017,3-Feb-17,SADNESS IS A WHITE BIRD,Moriel Rothman-Zecher,Atria,Fiction: Debut,Israeli,159667,https://www.publishersmarketplace.com/deals/ss.cgi?d=159667
2017,18-May-17,THE EMPEROR OF SHOES,Spencer Wise,Hanover Square Press,Fiction: Debut,Jewish,171436,https://www.publishersmarketplace.com/deals/ss.cgi?d=171436
2017,23-May-17,THE MANDELA PLOT,Kenneth Bonert,Houghton Mifflin Harcourt,Fiction: Thriller,Jewish,171868,https://www.publishersmarketplace.com/deals/ss.cgi?d=171868
2017,5-May-17,THE PARTING GIFT,Evan Fallenberg,Other Press,Fiction: General/Other,Israel,169912,https://www.publishersmarketplace.com/deals/ss.cgi?d=169912
2017,22-Sep-17,THE SISTERS OF THE WINTER WOOD,Rena Rossner,Redhook,Fiction: Debut,Jewish,184120,https://www.publishersmarketplace.com/deals/ss.cgi?d=184120
2017,1-Sep-17,THE SOUL OF A THIEF,Steven Hartov,Hanover Square Press,Fiction: General/Other,Jewish,181429,https://www.publishersmarketplace.com/deals/ss.cgi?d=181429
2017,4-Apr-17,WHEN DARKNESS COMES,John Anthony Miller,Taylor and Seale,Fiction: Thriller,Jews,166375,https://www.publishersmarketplace.com/deals/ss.cgi?d=166375
2017,1-May-17,WINTER KEPT US WARM,Anne Raeff,Counterpoint,Fiction: General/Other,Jewish,169129,https://www.publishersmarketplace.com/deals/ss.cgi?d=169129
2018,5-Nov-18,A BEND IN THE STARS,Rachel Barenbaum,Grand Central,Fiction: Debut,Jewish,229450,https://www.publishersmarketplace.com/deals/ss.cgi?d=229450
2018,31-Jul-18,AQUARIUM,Yaara Shehori,"Farrar, Straus",Fiction: Debut,Israel,218620,https://www.publishersmarketplace.com/deals/ss.cgi?d=218620
2018,9-May-18,DEATH IN SHANGRI-LA,Yigal Zur,Oceanview,Fiction: Thriller,Israeli; Hebrew,209797,https://www.publishersmarketplace.com/deals/ss.cgi?d=209797
2018,28-Nov-18,FRAYED LIGHT,Yonatan Berg and Joanna Chen,Wesleyan University Press,Fiction: General/Other,Hebrew,231871,https://www.publishersmarketplace.com/deals/ss.cgi?d=231871
2018,3-Feb-18,HOLY LANDS,Amanda Sthers,Bloomsbury,Fiction: General/Other,Jewish; Israel,198772,https://www.publishersmarketplace.com/deals/ss.cgi?d=198772
2018,6-Mar-18,IN ANOTHER TIME,Jillian Cantor,Harper Perennial,Fiction: General/Other,Jewish,202321,https://www.publishersmarketplace.com/deals/ss.cgi?d=202321
2018,17-May-18,LIONESS,Barbara Britton,Harbourlight Books,Fiction: Inspirational,Israel,210919,https://www.publishersmarketplace.com/deals/ss.cgi?d=210919
2018,4-Jan-18,NIGHT AND THE HANGMAN,T.R. Kenneth,Oceanview,Fiction: Thriller,Jewish,195544,https://www.publishersmarketplace.com/deals/ss.cgi?d=195544
2018,4-Sep-18,untitled,Pam Jenoff,Park Row Books,Fiction: General/Other,Jewish,221608,https://www.publishersmarketplace.com/deals/ss.cgi?d=221608
2018,27-Jun-18,SONG OF SONGS,Marc Graham,Blank Slate Press,Fiction: General/Other,Israel,215260,https://www.publishersmarketplace.com/deals/ss.cgi?d=215260
2018,1-Oct-18,THE COMMITTEE,Sterling Watson,Akashic,Fiction: General/Other,Jews,225016,https://www.publishersmarketplace.com/deals/ss.cgi?d=225016
2018,7-Jul-18,THE GIRL WITH THE LEICA,Helena Janeczek,Europa Editions,Fiction: General/Other,Jew,215947,https://www.publishersmarketplace.com/deals/ss.cgi?d=215947
2018,1-Mar-18,THE JADE LILY and THE CHEAPSIDE JEWELS,Kirsty Manning,William Morrow,Fiction: Debut,Jewish,201649,https://www.publishersmarketplace.com/deals/ss.cgi?d=201649
2018,12-Oct-18,THE LIMITS OF THE WORLD,Jennifer Acker,Delphinium,Fiction: General/Other,Jewish,226747,https://www.publishersmarketplace.com/deals/ss.cgi?d=226747
2018,1-Aug-18,THE LOST GOLD OF BLUE MOUNTAIN,Mary Morris,Nan A. Talese,Fiction: General/Other,Jewish,218764,https://www.publishersmarketplace.com/deals/ss.cgi?d=218764
2018,9-Mar-18,THE PASSENGER,Ulrich Alexander Boschwitz,Metropolitan,Fiction: General/Other,Jewish,202672,https://www.publishersmarketplace.com/deals/ss.cgi?d=202672
2018,22-Aug-18,THE SEVENTH COMMANDO,Steven Hartov,Hanover Square Press,Fiction: General/Other,Jews,220732,https://www.publishersmarketplace.com/deals/ss.cgi?d=220732
2018,17-May-18,THREE,D.A. Mishani,Europa Editions,Fiction: Thriller,Israeli,210856,https://www.publishersmarketplace.com/deals/ss.cgi?d=210856
2019,3-Jan-19,AN OLD MAN'S GAME,Andy Weinberger,Prospect Park Books,Fiction: Mystery/Crime,Jewish,235066,https://www.publishersmarketplace.com/deals/ss.cgi?d=235066
2019,2-Oct-19,CITY OF A THOUSAND GATES,Rebecca Sacks,Harper,Fiction: Debut,Israel; Israeli,264907,https://www.publishersmarketplace.com/deals/ss.cgi?d=264907
2019,16-Sep-19,CLAIMING CANAAN,Barbara Britton,Harbourlight Books,Fiction: Inspirational,Israel,262753,https://www.publishersmarketplace.com/deals/ss.cgi?d=262753
2019,5-Feb-19,FLORENCE ADLER SWIMS FOREVER,Rachel Beanland,Simon & Schuster,Fiction: Debut,Jewish,238750,https://www.publishersmarketplace.com/deals/ss.cgi?d=238750
2019,18-Mar-19,HEAVENLY LIGHTS,Barbara Britton,Harbourlight Books,Fiction: Inspirational,Israel,243496,https://www.publishersmarketplace.com/deals/ss.cgi?d=243496
2019,2-Jan-19,HOUSE ON ENDLESS WATERS,Emuna Elon,Atria,Fiction: General/Other,Jewish; Israeli,234985,https://www.publishersmarketplace.com/deals/ss.cgi?d=234985
2019,12-Jun-19,MILK FED,Melissa Broder,Scribner,Fiction: General/Other,Jewish,253540,https://www.publishersmarketplace.com/deals/ss.cgi?d=253540
2019,7-Mar-19,RIVER,Susan Abulhawa,Atria,Fiction: General/Other,Israel,242587,https://www.publishersmarketplace.com/deals/ss.cgi?d=242587
2019,16-Apr-19,SENSATION MACHINES,Adam Wilson,Soho Press,Fiction: General/Other,Jewish,247153,https://www.publishersmarketplace.com/deals/ss.cgi?d=247153
2019,10-Jul-19,THE LOST SHTETL,Max Gross,Harper Via,Fiction: Debut,Jewish,256384,https://www.publishersmarketplace.com/deals/ss.cgi?d=256384
2019,28-Aug-19,THE MERCHANT OF WAR,Ronald Balson,St. Martin's,Fiction: General/Other,Jewish,260983,https://www.publishersmarketplace.com/deals/ss.cgi?d=260983
2019,13-May-19,THE NESTING DOLLS,Alina Adams,Harper,Fiction: General/Other,Jewish,250156,https://www.publishersmarketplace.com/deals/ss.cgi?d=250156
2019,9-Apr-19,THE ORCHARD,David Hopen,Ecco,Fiction: Debut,Jewish,246319,https://www.publishersmarketplace.com/deals/ss.cgi?d=246319
2019,8-Oct-19,THE PARIS CHILDREN,Gloria Goldreich,Sourcebooks Landmark,Fiction: General/Other,Jewish,265675,https://www.publishersmarketplace.com/deals/ss.cgi?d=265675
2019,6-Jun-19,THE WOLF AND THE WOODSMAN,Ava Reid,Voyager,Fiction: Debut,Jewish,252835,https://www.publishersmarketplace.com/deals/ss.cgi?d=252835
2019,11-Nov-19,TO ZENZI,Robert Shuster,New Issues,Fiction: Debut,Jewish,269890,https://www.publishersmarketplace.com/deals/ss.cgi?d=269890
2020,12-Oct-20,A SCHOOL FOR GERMAN BRIDES,Aimie Runyan,William Morrow,Fiction: General/Other,Jewish,306036,https://www.publishersmarketplace.com/deals/ss.cgi?d=306036
2020,18-Aug-20,AS SEEN ON TV,Meredith Schorr,Forever,Fiction: Romance,Jewish,299590,https://www.publishersmarketplace.com/deals/ss.cgi?d=299590
2020,10-Feb-20,CLEAN AIR,Sarah Blake,Algonquin,Fiction: General/Other,Jewish,278812,https://www.publishersmarketplace.com/deals/ss.cgi?d=278812
2020,17-Jan-20,HEDY'S WAR,Jenny Lecoat,Graydon House,Fiction: Debut,Jewish,276475,https://www.publishersmarketplace.com/deals/ss.cgi?d=276475
2020,10-Dec-20,ISAAC'S BEACON,David Robbins,Wicked Son,Fiction: General/Other,Israel,314025,https://www.publishersmarketplace.com/deals/ss.cgi?d=314025
2020,10-Jul-20,JERUSALEM BEACH and MRS. LILIENBLUM'S CLOUD FACTORY,Iddo Gefen,Astra House,Fiction: General/Other,Israel; Israeli,295717,https://www.publishersmarketplace.com/deals/ss.cgi?d=295717
2020,16-Nov-20,MADAM SECRETARY,Stephanie Dray,Berkley,Fiction: General/Other,Jewish,310755,https://www.publishersmarketplace.com/deals/ss.cgi?d=310755
2020,9-Dec-20,MY FIRST NOELLE,Helena Greer,Forever,Fiction: Romance,Jewish,313830,https://www.publishersmarketplace.com/deals/ss.cgi?d=313830
2020,28-Feb-20,untitled,Marie Benedict,Sourcebooks Landmark,Fiction: General/Other,Jewish,281347,https://www.publishersmarketplace.com/deals/ss.cgi?d=281347
2020,18-Feb-20,REASON TO KILL,Andy Weinberger,Prospect Park Books,Fiction: Mystery/Crime,Jewish,279952,https://www.publishersmarketplace.com/deals/ss.cgi?d=279952
2020,9-Sep-20,THE MAN WHO SOLD AIR IN THE HOLY LAND and THE GLASS GOLEM,Omer Friedlander,Random House,Fiction: Debut,Israeli,301521,https://www.publishersmarketplace.com/deals/ss.cgi?d=301521
2020,10-Dec-20,THE MATCHMAKER'S LIBRARY and THE LOVE ELIXIR OF AUGUSTA STERN,Lynda Cohen Loigman,St. Martin's,Fiction: General/Other,Jewish,313866,https://www.publishersmarketplace.com/deals/ss.cgi?d=313866
2020,11-Aug-20,THE MATZAH BALL,Jean Meltzer,Mira,Fiction: Romance,Jewish,298807,https://www.publishersmarketplace.com/deals/ss.cgi?d=298807
2020,3-Apr-20,THE MELANCHOLY DANE,Ronald Balson,St. Martin's,Fiction: General/Other,Jewish,284995,https://www.publishersmarketplace.com/deals/ss.cgi?d=284995
2020,10-Nov-20,THE SWORD OF DAVID,Charles Lichtman,Bombardier Books,Fiction: Thriller,Israeli,310248,https://www.publishersmarketplace.com/deals/ss.cgi?d=310248
2020,11-Aug-20,THE WARSAW ORPHAN,Kelly Rimmer,Graydon House,Fiction: Romance,Jewish,298774,https://www.publishersmarketplace.com/deals/ss.cgi?d=298774
2020,8-May-20,THOSE WHO ARE SAVED,Alexis Landau,Putnam,Fiction: General/Other,Jewish,289006,https://www.publishersmarketplace.com/deals/ss.cgi?d=289006
2020,27-Apr-20,VERY COLD PEOPLE,Sarah Manguso,Hogarth,Fiction: General/Other,Jewish,287557,https://www.publishersmarketplace.com/deals/ss.cgi?d=287557
2021,27-May-21,A CHAIN REACTION and THE AMSTERDAM CRECHE,Ronald Balson,St. Martin's,Fiction: General/Other,Jewish,335025,https://www.publishersmarketplace.com/deals/ss.cgi?d=335025
2021,21-Oct-21,A GROOM BY MIDNIGHT,Felicia Grossman,Forever,Fiction: Romance,Jewish,352986,https://www.publishersmarketplace.com/deals/ss.cgi?d=352986
2021,15-Jun-21,ALL-NIGHT PHARMACY,Ruth Madievsky,Catapult,Fiction: Debut,Jewish,337455,https://www.publishersmarketplace.com/deals/ss.cgi?d=337455
2021,17-Feb-21,BEAT THE DEVILS,Josh Weiss,Grand Central,Fiction: Debut,Jewish,321063,https://www.publishersmarketplace.com/deals/ss.cgi?d=321063
2021,8-Oct-21,BEFORE ALL THE WORLD,Moriel Rothman-Zecher,"Farrar, Straus",Fiction: General/Other,Jewish,351096,https://www.publishersmarketplace.com/deals/ss.cgi?d=351096
2021,5-Mar-21,CODE EDELWEISS,Stephanie Landsem,Tyndale,Fiction: Inspirational,Jewish,323538,https://www.publishersmarketplace.com/deals/ss.cgi?d=323538
2021,28-Jun-21,"GOODBYE, CHRYSANTHEMUM JOE",Matt Bondurant,Blackstone Publishing,Fiction: General/Other,Jewish,339147,https://www.publishersmarketplace.com/deals/ss.cgi?d=339147
2021,6-May-21,HOTEL CUBA,Aaron Hamburger,Harper Perennial,Fiction: General/Other,Jewish,332244,https://www.publishersmarketplace.com/deals/ss.cgi?d=332244
2021,14-Jun-21,HOW TO LOVE YOUR DAUGHTER,Hila Blum,Riverhead,Fiction: General/Other,Israeli,337098,https://www.publishersmarketplace.com/deals/ss.cgi?d=337098
2021,18-Aug-21,INSIDE INFORMATION,Eshkol Nevo,Other Press,Fiction: General/Other,Israeli,344919,https://www.publishersmarketplace.com/deals/ss.cgi?d=344919
2021,19-May-21,LECH,Sara Lippmann,Tortoise Books,Fiction: General/Other,Jewish,333969,https://www.publishersmarketplace.com/deals/ss.cgi?d=333969
2021,28-Jun-21,MY LAST INNOCENT YEAR,Daisy Alpert Florin,Holt,Fiction: Debut,Jewish,339153,https://www.publishersmarketplace.com/deals/ss.cgi?d=339153
2021,16-Aug-21,ONLY THE DEAD KNOW PEACE,Alberto Mansur,Blackstone Publishing,Fiction: Thriller,Israeli,344526,https://www.publishersmarketplace.com/deals/ss.cgi?d=344526
2021,9-Nov-21,TESTAMENT,Micheal O'Siadhail,Baylor University Press,Fiction: General/Other,Hebrew,355734,https://www.publishersmarketplace.com/deals/ss.cgi?d=355734
2021,4-Oct-21,THE CIRCUS TRAIN,Amita Parikh,Putnam,Fiction: Debut,Jewish,350394,https://www.publishersmarketplace.com/deals/ss.cgi?d=350394
2021,14-Jul-21,THE LONG CORNER,Alexander Maksik,Europa Editions,Fiction: General/Other,Jewish,341037,https://www.publishersmarketplace.com/deals/ss.cgi?d=341037
2021,17-Mar-21,THE MAIDEN OF ALL OUR DESIRES,Peter Manseau,Arcade,Fiction: General/Other,Jewish,325359,https://www.publishersmarketplace.com/deals/ss.cgi?d=325359
2021,22-Jun-21,THE THREAD COLLECTORS,Shaunna Edwards and Alyson Richman,Graydon House,Fiction: General/Other,Jewish,338388,https://www.publishersmarketplace.com/deals/ss.cgi?d=338388
2021,5-Feb-21,THREE SISTERS,Heather Morris,St. Martin's,Fiction: General/Other,Jewish; Israel,319638,https://www.publishersmarketplace.com/deals/ss.cgi?d=319638
2021,4-May-21,WON'T BACK DOWN,Shelly Bell,Harlequin,Fiction: Romance,Jewish,331728,https://www.publishersmarketplace.com/deals/ss.cgi?d=331728
2022,25-Oct-22,BEIRUT STATION,Paul Vidich,Pegasus Crime,Fiction: Mystery/Crime,Israeli,398059,https://www.publishersmarketplace.com/deals/ss.cgi?d=398059
2022,22-Nov-22,BODIES IN WATER,Shelly Jay Shore,Bantam Dell,Fiction: Debut,Jewish,401728,https://www.publishersmarketplace.com/deals/ss.cgi?d=401728
2022,15-Feb-22,BURNING DISTANCE,Joanne Leedom-Ackerman,Oceanview,Fiction: Thriller,Jewish,367459,https://www.publishersmarketplace.com/deals/ss.cgi?d=367459
2022,16-Dec-22,CITY OF LAUGHTER,Temim Fruchter,Grove/Atlantic,Fiction: Debut,Jewish,404701,https://www.publishersmarketplace.com/deals/ss.cgi?d=404701
2022,22-Feb-22,HALF-BAKED,Jean Meltzer,Mira,Fiction: Romance,Jewish,368383,https://www.publishersmarketplace.com/deals/ss.cgi?d=368383
2022,16-Jun-22,HOME FOR THE CHALLAH DAYS,Jennifer Wilck,Harlequin,Fiction: Romance,Jewish,383242,https://www.publishersmarketplace.com/deals/ss.cgi?d=383242
2022,26-Mar-22,I COULD LIVE HERE FOREVER,Hanna Halperin,Viking,Fiction: General/Other,Jewish,372802,https://www.publishersmarketplace.com/deals/ss.cgi?d=372802
2022,28-Mar-22,JEZEBEL,Megan Barnard,Penguin,Fiction: Debut,Israel,373087,https://www.publishersmarketplace.com/deals/ss.cgi?d=373087
2022,18-Oct-22,LESSER RUINS,Mark Haber,Coffee House Press,Fiction: Literary,Judaism,397213,https://www.publishersmarketplace.com/deals/ss.cgi?d=397213
2022,17-Oct-22,LILITH,Nikki Marmery,Alcove Press,Fiction: General/Other,Hebrew,397129,https://www.publishersmarketplace.com/deals/ss.cgi?d=397129
2022,7-Jan-22,LOVE AND WAR IN THE JEWISH QUARTER,Dora Levy Mossanen,Post Hill Press,Fiction: General/Other,Jewish,362082,https://www.publishersmarketplace.com/deals/ss.cgi?d=362082
2022,8-Jul-22,MY FATHER'S HOUSE,Joseph O'Connor,Europa Editions,Fiction: General/Other,Jews,385885,https://www.publishersmarketplace.com/deals/ss.cgi?d=385885
2022,14-Jun-22,ONCE WE WERE HOME,Jennifer Rosner,Flatiron Books,Fiction: General/Other,Jewish; Israel,383074,https://www.publishersmarketplace.com/deals/ss.cgi?d=383074
2022,31-Oct-22,RACHEL WEISS'S GROUP CHAT,Lauren Appelbaum,Grand Central,Fiction: Debut,Jewish,398671,https://www.publishersmarketplace.com/deals/ss.cgi?d=398671
2022,29-Jun-22,SMASHING THE TABLETS,Sara Lippmann and Seth Rogoff,SUNY Press,Fiction: General/Other,Jewish,384730,https://www.publishersmarketplace.com/deals/ss.cgi?d=384730
2022,19-Jul-22,STOCKHOLM,Noa Yedlin,Harper Via,Fiction: General/Other,Israeli,386755,https://www.publishersmarketplace.com/deals/ss.cgi?d=386755
2022,1-Jun-22,THANK YOU FOR SHARING,Rachel Runya Katz,Griffin,Fiction: Romance,Jewish,381442,https://www.publishersmarketplace.com/deals/ss.cgi?d=381442
2022,8-Dec-22,THE AMPLITUDE,Yukiko Tominaga,Scribner,Fiction: Debut,Jewish,403750,https://www.publishersmarketplace.com/deals/ss.cgi?d=403750
2022,5-Oct-22,THE FIRE AGENT,David Baerwald,Spiegel & Grau,Fiction: Debut,Jewish,395185,https://www.publishersmarketplace.com/deals/ss.cgi?d=395185
2022,23-May-22,THE FOURTH REICH,Rhoda Lerman,Wicked Son,Fiction: General/Other,Jewish,380500,https://www.publishersmarketplace.com/deals/ss.cgi?d=380500
2022,3-Feb-22,THE KEEPER OF HIDDEN BOOKS,Madeline Martin,Hanover Square Press,Fiction: General/Other,Jews,365862,https://www.publishersmarketplace.com/deals/ss.cgi?d=365862
2022,27-Jan-22,THE LIGHT OF SEVEN DAYS,River Adams,Delphinium,Fiction: Debut,Jewish,364974,https://www.publishersmarketplace.com/deals/ss.cgi?d=364974
2022,8-Jun-22,THE POMEGRANATE GATE,Ariel Kaplan,Erewhon,Fiction: Sci-Fi/Fantasy,Jewish,382384,https://www.publishersmarketplace.com/deals/ss.cgi?d=382384
2022,23-Jun-22,THE PROMISE OF A NORMAL LIFE,Rebecca Kaiser Gibson,Arcade,Fiction: Debut,Jewish,384133,https://www.publishersmarketplace.com/deals/ss.cgi?d=384133
2022,15-Dec-22,THE SCROLLS OF DEBORAH,Esther Goldenberg,100 Block by Row House,Fiction: Debut,Jewish; Judaism,404413,https://www.publishersmarketplace.com/deals/ss.cgi?d=404413
2022,10-Jun-22,THE SHORTEST ROAD,David Robbins,Wicked Son,Fiction: General/Other,Israel,382552,https://www.publishersmarketplace.com/deals/ss.cgi?d=382552
2022,11-Mar-22,THE VILLAGE IDIOT,Steve Stern,Melville House,Fiction: General/Other,Jewish,370735,https://www.publishersmarketplace.com/deals/ss.cgi?d=370735
2022,2-Aug-22,UNORTHODOX LOVE,Heidi Shertok,Alcove Press,Fiction: Romance,Jewish,388315,https://www.publishersmarketplace.com/deals/ss.cgi?d=388315
2022,18-Mar-22,WE ARE ONLY GHOSTS,Jeffrey Richards,Kensington,Fiction: General/Other,Jewish,371665,https://www.publishersmarketplace.com/deals/ss.cgi?d=371665
2022,17-Oct-22,WORRY,Alexandra Tanner,Scribner,Fiction: Debut,Jewish,397030,https://www.publishersmarketplace.com/deals/ss.cgi?d=397030
2022,6-Oct-22,YR DEAD,Sam Sax,McSweeney's,Fiction: Debut,Jewish,395461,https://www.publishersmarketplace.com/deals/ss.cgi?d=395461
2022,4-Nov-22,ZELNIK,Zachary Solomon,Lanternfish Press,Fiction: Debut,Jewish,399391,https://www.publishersmarketplace.com/deals/ss.cgi?d=399391
2023,12-Jan-23,A PLAGUE ON BOTH YOUR HOUSES,Robert Littell,Blackstone Publishing,Fiction: General/Other,Jewish,406900,https://www.publishersmarketplace.com/deals/ss.cgi?d=406900
2023,31-Oct-23,BERLIN ATOMIZED,Julia Kornberg,Astra House,Fiction: Literary,Jewish; Israel,443248,https://www.publishersmarketplace.com/deals/ss.cgi?d=443248
2023,12-Sep-23,DAUGHTER OF GENOA,Kat Devereaux,Harper Paperbacks,Fiction: General/Other,Jewish,436804,https://www.publishersmarketplace.com/deals/ss.cgi?d=436804
2023,4-Aug-23,ENOLA SPELLED BACKWARDS,Rachel Robbins,Alcove Press,Fiction: Debut,Jewish,433312,https://www.publishersmarketplace.com/deals/ss.cgi?d=433312
2023,16-Aug-23,FERVOR,Toby Lloyd,Avid Reader Press,Fiction: Debut,Jewish,434185,https://www.publishersmarketplace.com/deals/ss.cgi?d=434185
2023,7-Jun-23,Fortunes of Texas series,Jennifer Wilck,Harlequin,Fiction: Romance,Jewish,426256,https://www.publishersmarketplace.com/deals/ss.cgi?d=426256
2023,15-Aug-23,GIRLS GIRLS GIRLS,Shoshana von Blanckensee,Putnam,Fiction: Debut,Jewish,434125,https://www.publishersmarketplace.com/deals/ss.cgi?d=434125
2023,2-Feb-23,GOYHOOD,Reuven Fenton,Central Avenue,Fiction: Debut,Jewish,409378,https://www.publishersmarketplace.com/deals/ss.cgi?d=409378
2023,9-Jun-23,I MADE IT OUT OF CLAY,Beth Kander,Mira,Fiction: Commercial,Jewish,426613,https://www.publishersmarketplace.com/deals/ss.cgi?d=426613
2023,4-Jan-23,IN THE SHADOW OF THE GREENBRIER,Emily Matchar,Putnam,Fiction: Debut,Jewish,405787,https://www.publishersmarketplace.com/deals/ss.cgi?d=405787
2023,5-Sep-23,LOVE YOU A LATKE,Amanda Elliot,Berkley,Fiction: Romance,Jewish,435925,https://www.publishersmarketplace.com/deals/ss.cgi?d=435925
2023,1-Jun-23,MAZELTOV,Eli Zuzovsky,Holt,Fiction: Literary,Israel,425494,https://www.publishersmarketplace.com/deals/ss.cgi?d=425494
2023,9-Nov-23,NEXT STOP,Benjamin Resnick,Avid Reader Press,Fiction: Debut,Jewish; Israel,444292,https://www.publishersmarketplace.com/deals/ss.cgi?d=444292
2023,28-Mar-23,OLIVE DAYS,Jessica Elisheva Emerson,Counterpoint,Fiction: Debut,Jewish; Jew,416977,https://www.publishersmarketplace.com/deals/ss.cgi?d=416977
2023,12-Jul-23,OUR ROTTEN HEARTS,Allison Epstein,Doubleday,Fiction: General/Other,Jewish,430567,https://www.publishersmarketplace.com/deals/ss.cgi?d=430567
2023,12-Dec-23,SISTERS OF FORTUNE,Esther Chehebar,Random House,Fiction: Debut,Jewish,448534,https://www.publishersmarketplace.com/deals/ss.cgi?d=448534
2023,8-Sep-23,THE ANATOMY OF EXILE,Zeeva Bukai,Delphinium,Fiction: Debut,Israel; Israeli,436456,https://www.publishersmarketplace.com/deals/ss.cgi?d=436456
2023,5-Jun-23,THE BOY WITH THE STAR TATTOO,Talia Carner,William Morrow,Fiction: General/Other,Jewish; Israeli,425869,https://www.publishersmarketplace.com/deals/ss.cgi?d=425869
2023,2-Mar-23,THE FAULT,Marcela Sulak,Black Lawrence Press,Fiction: Literary,Jewish,413656,https://www.publishersmarketplace.com/deals/ss.cgi?d=413656
2023,5-Sep-23,THE FRENCH WINEMAKER'S DAUGHTER,Loretta Ellsworth,Harper,Fiction: General/Other,Jewish,435757,https://www.publishersmarketplace.com/deals/ss.cgi?d=435757
2023,14-Feb-23,THE GLIMMER FACTORY,Jennifer Coburn,Sourcebooks Landmark,Fiction: General/Other,Jewish,411373,https://www.publishersmarketplace.com/deals/ss.cgi?d=411373
2023,5-Dec-23,THE MONUMENTS OF PARIS,Violaine Huisman,Penguin Press,Fiction: Literary,Jewish,447544,https://www.publishersmarketplace.com/deals/ss.cgi?d=447544
2023,9-Jun-23,THE NOTEBOOK THIEF,Gianni Solla,Harper Via,Fiction: General/Other,Jews,426457,https://www.publishersmarketplace.com/deals/ss.cgi?d=426457
2023,18-Apr-23,THE SCATTER CHORD,Stuart Nadler,Dutton,Fiction: Literary,Jewish,419950,https://www.publishersmarketplace.com/deals/ss.cgi?d=419950
2023,26-Jun-23,THE SUNFLOWER HOUSE,Adriana Allegri,St. Martin's,Fiction: Debut,Jewish,428578,https://www.publishersmarketplace.com/deals/ss.cgi?d=428578
2023,4-Dec-23,THE WOMAN WHO LOOKED LIKE SOPHIA L,Curt Leviant,Dzanc Books,Fiction: General/Other,Jewish,447520,https://www.publishersmarketplace.com/deals/ss.cgi?d=447520
2023,27-Mar-23,TRUST ME,Scott Nadelson,Forest Avenue Press,Fiction: Literary,Jewish,416692,https://www.publishersmarketplace.com/deals/ss.cgi?d=416692
2024,29-Apr-24,A MASK THE COLOR OF THE SKY,Basim Khandaqji,Europa Editions,Fiction: Literary,Israeli,466387,https://www.publishersmarketplace.com/deals/ss.cgi?d=466387
2024,31-Jan-24,BEFORE THE SUN RETURNS TO MY WINDOW and YOUR PEOPLE WILL BE MY PEOPLE,Dana Renee Green,Simon & Schuster,Fiction: Debut,Judaism,453931,https://www.publishersmarketplace.com/deals/ss.cgi?d=453931
2024,15-May-24,Fortunes of Texas series and untitled holiday romance,Jennifer Wilck,Harlequin,Fiction: Romance,Jewish,468604,https://www.publishersmarketplace.com/deals/ss.cgi?d=468604
2024,29-Jan-24,HUNTING IN AMERICA,Tehila Hakimi,Penguin,Fiction: Literary,Jewish; Israeli,453400,https://www.publishersmarketplace.com/deals/ss.cgi?d=453400
2024,18-Jan-24,IRENA'S VOW,Dan Gordon,Regalo Press,Fiction: General/Other,Jews,452083,https://www.publishersmarketplace.com/deals/ss.cgi?d=452083
2024,25-Apr-24,KAPLAN'S PLOT,Jason Diamond,Flatiron Books,Fiction: Debut,Jewish,465766,https://www.publishersmarketplace.com/deals/ss.cgi?d=465766
2024,22-Jan-24,RESCUE FROM OCCUPIED BUDAPEST,Ronald H. Balson,St. Martin's,Fiction: General/Other,Jewish,452383,https://www.publishersmarketplace.com/deals/ss.cgi?d=452383
2024,27-Jun-24,SARAH,Angela Hunt,Bethany House,Fiction: Inspirational,Israel,474505,https://www.publishersmarketplace.com/deals/ss.cgi?d=474505
2024,27-Feb-24,SEDUCE ME IN SECRET and DREAM OF ME UNTIL DAWN,Felicia Grossman,Forever,Fiction: Romance,Jewish,457567,https://www.publishersmarketplace.com/deals/ss.cgi?d=457567
2024,23-May-24,TARANTULA,Eduardo Halfon,Bellevue Literary Press,Fiction: Literary,Jewish,469924,https://www.publishersmarketplace.com/deals/ss.cgi?d=469924
2024,7-Aug-24,THE BARMAN OF THE RITZ,Philippe Collin,Marysue Rucci Books,Fiction: Debut,Jewish,479551,https://www.publishersmarketplace.com/deals/ss.cgi?d=479551
2024,4-Oct-24,THE BOOK OF LOST HOURS,Hayley Gelfuso,Atria,Fiction: Debut,Jewish,488092,https://www.publishersmarketplace.com/deals/ss.cgi?d=488092
2024,7-Mar-24,THE INTERPRETER,David K. Shipler,Green City Books,Fiction: Literary,Jew,458872,https://www.publishersmarketplace.com/deals/ss.cgi?d=458872
2024,16-Apr-24,THE MAIDEN & HER MONSTER,Maddie Martinez,Tor,Fiction: Sci-Fi/Fantasy,Jewish,464347,https://www.publishersmarketplace.com/deals/ss.cgi?d=464347
2024,25-Jan-24,THE MOVEABLES,Sarah Yahm,Dzanc Books,Fiction: Debut,Jewish,453013,https://www.publishersmarketplace.com/deals/ss.cgi?d=453013
2024,11-Oct-24,THE WOMAN WHO WROTE THE BIBLE,Moacyr Scliar,University of New Mexico Press,Fiction: Literary,Jewish,489331,https://www.publishersmarketplace.com/deals/ss.cgi?d=489331
2025,29-Jul-25,BLACK MESSIAHS,Steven A Holmes,Koehler Books,Fiction: Debut,Jewish,527299,https://www.publishersmarketplace.com/deals/ss.cgi?d=527299
2025,29-Aug-25,BOOK XI,Ronald H. Balson,St. Martin's,Fiction: General/Other,Jewish; Jews,531103,https://www.publishersmarketplace.com/deals/ss.cgi?d=531103
2025,16-Jun-25,DEAR CHARLIE,Gemma Sieff,"Farrar, Straus",Fiction: Debut,Jewish,521686,https://www.publishersmarketplace.com/deals/ss.cgi?d=521686
2025,8-Apr-25,I WANTED TO BE WONDERFUL,Lihi Lapid,Zibby Books,Fiction: Literary,Israel; Israeli,512710,https://www.publishersmarketplace.com/deals/ss.cgi?d=512710
2025,13-Jun-25,ODESSA,Gabrielle Sher,Mulholland Books,Fiction: Debut,Jewish,521659,https://www.publishersmarketplace.com/deals/ss.cgi?d=521659
2025,19-Mar-25,OROPPA,Safae el Khannoussi,Pantheon,Fiction: General/Other,Jewish,509704,https://www.publishersmarketplace.com/deals/ss.cgi?d=509704
2025,18-Jul-25,OUR CUT OF SALT,Deena Helm,Nightfire,Fiction: Debut,Israeli,527221,https://www.publishersmarketplace.com/deals/ss.cgi?d=527221
2025,9-May-25,SOON BY YOU,Dahlia Adler,Griffin,Fiction: Romance,Jewish,516850,https://www.publishersmarketplace.com/deals/ss.cgi?d=516850
2025,30-Jul-25,SPIRAL JETTY,Chaim ben Avram,7.13 Books,Fiction: Debut,Jewish,527467,https://www.publishersmarketplace.com/deals/ss.cgi?d=527467
2025,1-Apr-25,SUGAR TRUCK,Maia Ipp,Random House,Fiction: Debut,Jewish,511651,https://www.publishersmarketplace.com/deals/ss.cgi?d=511651
2025,29-Apr-25,THE GRIEF JET,Alec Niedenthal,Ecco,Fiction: Debut,Jewish,515161,https://www.publishersmarketplace.com/deals/ss.cgi?d=515161
2025,14-Aug-25,THE JEWISH HOSPITAL,Jonathan Hammel,Skyhorse,Fiction: Literary,Jewish,529465,https://www.publishersmarketplace.com/deals/ss.cgi?d=529465
2025,18-Sep-25,THE LAST DEKREPITZER,Howard Langer,Toby Press,Fiction: Literary,Jewish,533872,https://www.publishersmarketplace.com/deals/ss.cgi?d=533872
2025,1-Apr-25,THE LAST WOMAN OF WARSAW,Judy Batalion,Dutton,Fiction: Debut,Jewish,511669,https://www.publishersmarketplace.com/deals/ss.cgi?d=511669
2025,7-Apr-25,THE LOST GIRL OF CRAVEN COUNTY,Emily Matchar,Putnam,Fiction: Mystery/Crime,Jewish,512371,https://www.publishersmarketplace.com/deals/ss.cgi?d=512371
2025,7-Oct-25,THE LOST RECIPES OF STELLA FORTUNA,Leah Eskin,Levine Querido,Fiction: General/Other,Jewish,536815,https://www.publishersmarketplace.com/deals/ss.cgi?d=536815
2025,9-Dec-25,THE MASQUERADERS,Betty Shamieh,Avid Reader Press,Fiction: General/Other,Israeli,545164,https://www.publishersmarketplace.com/deals/ss.cgi?d=545164
2025,30-May-25,THE PERFUMER'S SECRET,Fiona Schneider,Harper Perennial,Fiction: General/Other,Jewish,519529,https://www.publishersmarketplace.com/deals/ss.cgi?d=519529
2025,1-Apr-25,THE WORLD BETWEEN,Zeeva Bukai,Delphinium,Fiction: Literary,Israel,511657,https://www.publishersmarketplace.com/deals/ss.cgi?d=511657
2025,22-Aug-25,untitled,Rebecca Crowley,Harlequin,Fiction: Romance,Jewish,530305,https://www.publishersmarketplace.com/deals/ss.cgi?d=530305
2025,17-Sep-25,"VENUS, VANISHING",Rebecca Birrell,Holt,Fiction: Debut,Jewish,533716,https://www.publishersmarketplace.com/deals/ss.cgi?d=533716
2026,28-May-26,HUMAN MATERIAL,Rapha Linden,Holt,Fiction: Debut,Jewish,565990,https://www.publishersmarketplace.com/deals/ss.cgi?d=565990
2026,11-Jun-26,THE CITY OF ECHOES,Joseph O'Connor,Europa Editions,Fiction: General/Other,Jewish,567835,https://www.publishersmarketplace.com/deals/ss.cgi?d=567835
2026,23-Apr-26,THE FIRST WHITE HAIR,Yasmin Zaher,Riverhead,Fiction: Literary,Israeli,561562,https://www.publishersmarketplace.com/deals/ss.cgi?d=561562
2026,9-Apr-26,THE LAST ACTRESS,Tamara Tenenbaum,Restless Books,Fiction: Literary,Jewish,559732,https://www.publishersmarketplace.com/deals/ss.cgi?d=559732
2026,1-May-26,THE LONG BRIGHT THREAD,Bess Winter Kosinec,Union Square & Co,Fiction: Debut,Jewish,562600,https://www.publishersmarketplace.com/deals/ss.cgi?d=562600
2026,13-Mar-26,THE NIGHT WITCHES,Emily Matchar,Putnam,Fiction: General/Other,Jewish,556378,https://www.publishersmarketplace.com/deals/ss.cgi?d=556378
2026,4-May-26,THE PIANO TEACHER OF MONTPARNASSE,Heather Morris,Blackstone Publishing,Fiction: Commercial,Jewish,562759,https://www.publishersmarketplace.com/deals/ss.cgi?d=562759
2026,21-Jul-26,UNDER THE PERSIMMON TREE,Aylin Sedighi Gabbaizadeh,Union Square & Co,Fiction: Debut,Jewish,572707,https://www.publishersmarketplace.com/deals/ss.cgi?d=572707